SPECIES,FR,TIME,SALINITY,CF,PCNKA,GNKA,MOISTURE,HEMATOCRIT,OSMOLALITY,LACTATE,GLUCOSE
G,12.5,12,0,0.31,6.9,3.1,86.5,26.8,266,6.6,61.5
G,12.5,12,0,0.28,7.9,22.2,83.2,25.5,263,NA,NA
G,12.5,12,0,0.28,6.3,3.8,89.0,19.0,256,8.1,58.8
G,12.5,12,0,0.34,9.3,5.0,83.4,30.3,282,8.2,96.1
G,12.5,12,0,0.28,7.9,17.6,89.7,23.3,267,2.2,51.8
G,12.5,12,0,0.30,8.7,10.5,83.0,25.0,290,7.1,82.3
G,12.5,12,8,0.31,6.2,8.6,87.8,24.0,283,10.4,134.0
G,12.5,12,8,0.32,6.8,3.5,90.0,26.0,279,7.9,110.0
G,12.5,12,8,0.31,5.8,4.9,89.6,23.0,280,4.5,68.7
G,12.5,12,8,0.30,6.8,14.4,89.7,27.0,278,11.6,105.0
G,12.5,12,8,0.31,8.0,14.4,89.0,26.0,274,3.4,61.3
G,12.5,12,8,0.32,8.6,4.3,NA,22.5,272,5.3,96.5
G,12.5,12,16,0.31,8.1,8.9,87.1,25.0,261,13.2,67.3
G,12.5,12,16,0.29,8.9,2.8,88.4,22.5,263,1.6,54.1
G,12.5,12,16,0.34,8.2,13.5,82.9,25.0,263,6.1,89.7
G,12.5,12,16,0.32,7.6,12.3,83.0,27.5,272,5.6,74.3
G,12.5,12,16,0.34,7.5,4.8,85.0,24.0,257,7.3,55.7
G,12.5,12,16,0.31,10.3,14.9,85.6,23.0,251,5.3,71.3
G,12.5,12,32,0.25,3.9,26.2,88.4,21.5,347,1.9,87.1
G,12.5,12,32,0.30,8.7,3.3,81.7,25.5,359,1.7,59.1
G,12.5,12,32,0.25,6.7,8.8,87.4,24.5,364,2.7,64.6
G,12.5,12,32,0.27,8.1,3.5,83.2,25.5,322,3.5,77.1
G,12.5,12,32,0.28,8.6,5.6,89.1,25.0,334,1.4,60.1
G,12.5,12,32,0.28,8.7,12.8,81.1,23.5,341,2.8,101.0
G,25.0,12,0,0.33,13.0,33.9,83.6,27.8,263,7.7,96.0
G,25.0,12,0,0.31,7.5,20.5,89.8,19.0,280,8.2,121.0
G,25.0,12,0,0.36,6.8,9.5,82.9,23.5,277,7.8,85.9
G,25.0,12,0,0.28,7.7,8.3,83.3,24.5,277,6.9,73.6
G,25.0,12,0,0.36,7.6,6.2,83.1,22.8,282,7.6,81.4
G,25.0,12,0,0.34,7.3,5.0,85.3,21.5,272,6.4,51.9
G,25.0,12,8,0.31,5.8,16.5,83.1,24.0,286,9.8,70.3
G,25.0,12,8,0.33,8.7,2.8,85.8,24.0,283,6.0,55.2
G,25.0,12,8,0.34,7.7,16.0,83.0,22.5,290,7.0,79.5
G,25.0,12,8,0.31,7.9,5.2,82.5,25.0,284,4.1,80.3
G,25.0,12,8,0.34,8.0,5.6,82.6,25.0,277,5.2,83.0
G,25.0,12,8,0.30,9.1,15.3,83.2,23.0,273,3.7,98.4
G,25.0,12,16,0.27,8.7,8.4,92.6,25.5,257,11.7,88.2
G,25.0,12,16,0.32,6.3,4.3,83.0,25.0,268,8.0,83.0
G,25.0,12,16,0.33,11.3,3.4,83.0,25.5,269,6.9,93.5
G,25.0,12,16,0.43,7.3,4.6,81.7,20.5,262,9.1,112.0
G,25.0,12,16,0.33,8.7,14.6,81.5,25.5,266,5.8,90.4
G,25.0,12,16,0.32,7.8,4.8,86.2,29.5,261,3.1,67.5
G,25.0,12,32,0.30,6.1,3.6,80.7,16.5,324,5.0,117.0
G,25.0,12,32,0.34,6.3,4.5,83.5,19.5,405,3.9,162.0
G,25.0,12,32,0.30,8.4,17.8,83.6,25.0,303,10.6,117.0
G,25.0,12,32,0.32,5.6,14.2,81.3,16.5,373,6.8,128.0
G,25.0,12,32,0.32,8.6,18.3,82.1,24.5,323,11.3,157.0
G,25.0,12,32,0.29,9.8,4.6,83.0,26.0,344,7.3,88.8
G,50.0,12,0,0.35,5.0,5.2,72.4,27.0,259,8.6,77.9
G,50.0,12,0,0.38,5.7,14.8,81.6,26.0,276,10.6,69.5
G,50.0,12,0,0.34,7.0,23.5,80.3,22.3,280,10.0,73.1
G,50.0,12,0,0.38,7.1,9.2,80.6,20.8,282,10.9,76.3
G,50.0,12,0,0.37,6.7,11.4,81.1,25.8,280,13.5,69.9
G,50.0,12,0,0.39,5.6,18.9,80.9,27.0,285,8.4,69.9
G,50.0,12,8,0.36,7.5,7.5,81.2,22.0,272,2.4,113.0
G,50.0,12,8,0.38,5.4,4.7,82.0,18.5,272,3.2,65.2
G,50.0,12,8,0.37,7.5,24.3,81.9,23.5,282,2.3,67.4
G,50.0,12,8,0.35,6.0,12.7,80.8,21.0,273,2.2,105.0
G,50.0,12,8,0.36,6.3,11.6,82.9,22.5,260,4.3,59.2
G,50.0,12,8,0.33,5.4,6.1,81.9,19.5,276,4.2,57.3
G,50.0,12,16,0.32,8.3,5.3,80.2,24.0,258,4.0,50.3
G,50.0,12,16,0.36,6.2,6.5,80.7,22.0,259,8.2,68.9
G,50.0,12,16,0.31,6.8,3.8,81.7,26.5,254,7.5,74.0
G,50.0,12,16,0.40,7.2,6.4,81.1,25.5,256,9.8,57.7
G,50.0,12,16,0.35,7.0,19.4,82.2,19.5,262,11.7,65.1
G,50.0,12,16,0.38,7.5,12.2,83.8,21.0,253,7.1,85.7
G,50.0,12,32,0.49,5.5,6.7,78.8,22.5,338,6.0,78.6
G,50.0,12,32,0.36,6.8,17.0,78.5,19.5,325,9.9,99.3
G,50.0,12,32,0.34,7.2,6.9,80.8,24.5,343,7.3,125.0
G,50.0,12,32,0.37,9.2,6.2,78.0,26.0,315,13.6,97.8
G,50.0,12,32,0.35,7.6,5.8,79.8,23.5,322,10.6,76.9
G,50.0,12,32,0.30,6.2,12.6,78.8,19.0,368,6.9,167.0
G,100.0,12,0,0.42,6.8,4.7,79.5,28.0,268,13.2,171.0
G,100.0,12,0,0.40,4.4,10.9,80.2,26.5,287,14.1,116.0
G,100.0,12,0,0.34,5.3,7.0,81.1,22.8,270,9.7,106.0
G,100.0,12,0,0.41,5.6,8.7,79.5,24.8,307,12.8,97.5
G,100.0,12,0,0.38,7.2,17.5,80.1,26.0,293,13.4,92.3
G,100.0,12,0,0.40,6.1,7.0,80.3,24.5,288,13.3,101.0
G,100.0,12,8,0.44,4.7,10.2,80.0,25.0,280,1.9,62.5
G,100.0,12,8,0.42,5.4,3.0,79.4,22.0,273,1.9,56.1
G,100.0,12,8,0.42,7.9,10.7,79.2,24.5,313,2.7,55.8
G,100.0,12,8,0.40,5.7,4.9,81.6,25.5,279,1.8,68.2
G,100.0,12,8,0.43,5.3,5.8,80.1,25.0,298,5.8,108.0
G,100.0,12,8,0.41,4.7,8.1,78.9,29.0,289,6.3,75.4
G,100.0,12,16,0.40,4.8,6.1,79.6,27.0,245,3.8,61.0
G,100.0,12,16,0.40,11.6,7.7,80.1,24.5,264,13.8,104.0
G,100.0,12,16,0.40,6.1,12.4,79.9,28.0,269,16.9,142.0
G,100.0,12,16,0.41,5.3,4.7,80.2,29.0,272,15.5,76.5
G,100.0,12,16,0.41,6.8,5.6,79.6,24.0,272,14.6,70.6
G,100.0,12,16,0.44,6.8,17.6,82.7,25.5,265,12.8,86.4
G,100.0,12,32,0.36,6.1,16.9,77.3,25.5,325,16.7,147.0
G,100.0,12,32,0.40,4.8,10.0,78.4,22.0,377,10.1,142.0
G,100.0,12,32,0.34,7.6,4.5,76.0,20.5,336,12.7,101.0
G,100.0,12,32,0.40,6.3,14.1,76.1,24.5,324,9.5,107.0
G,100.0,12,32,0.39,8.0,8.0,77.9,25.5,311,16.7,84.1
G,100.0,12,32,0.39,5.8,6.0,76.9,25.5,315,17.5,79.5
G,12.5,72,0,0.29,7.0,13.5,89.3,28.5,252,2.5,30.3
G,12.5,72,0,0.29,7.8,2.7,85.5,29.5,290,6.3,59.1
G,12.5,72,0,0.32,6.6,2.8,86.6,26.0,279,3.3,42.4
G,12.5,72,0,0.26,8.9,5.2,84.9,27.5,276,5.7,48.3
G,12.5,72,0,0.35,5.9,14.7,83.4,29.5,276,6.3,59.0
G,12.5,72,0,0.30,11.3,5.3,83.5,28.5,264,4.6,59.7
G,12.5,72,8,0.33,7.8,10.5,86.4,20.5,267,3.5,58.5
G,12.5,72,8,0.30,10.3,2.2,87.6,25.0,285,2.2,42.3
G,12.5,72,8,0.36,6.3,14.5,85.5,25.0,272,3.6,52.8
G,12.5,72,8,0.35,8.5,12.5,85.1,25.5,274,5.0,58.1
G,12.5,72,8,0.29,9.4,22.8,87.0,25.5,269,1.7,54.9
G,12.5,72,8,0.31,10.2,2.4,87.1,23.5,276,2.4,47.6
G,12.5,72,16,0.31,10.1,5.4,84.9,24.5,269,5.5,51.1
G,12.5,72,16,0.27,11.1,28.9,85.5,23.5,270,2.9,48.1
G,12.5,72,16,0.29,7.6,18.1,84.6,25.5,272,1.8,52.3
G,12.5,72,16,0.31,10.4,12.2,86.6,18.5,281,3.0,52.3
G,12.5,72,16,0.29,8.9,14.5,87.3,23.5,271,4.1,45.8
G,12.5,72,16,0.36,10.2,20.9,90.1,21.0,276,2.0,48.1
G,12.5,72,32,0.24,16.0,6.3,86.9,23.5,354,5.1,84.2
G,12.5,72,32,0.24,18.3,5.8,87.2,23.0,313,4.8,51.5
G,12.5,72,32,0.26,16.8,20.5,83.4,15.0,380,9.0,66.6
G,12.5,72,32,0.26,20.1,9.8,85.6,25.0,339,5.4,52.7
G,25.0,72,0,0.32,6.8,18.0,82.5,25.5,266,7.3,48.3
G,25.0,72,0,0.31,7.9,16.5,84.0,25.5,273,NA,NA
G,25.0,72,0,0.34,7.8,3.6,82.7,27.0,274,4.9,46.3
G,25.0,72,0,0.30,8.0,5.3,84.6,25.5,269,0.9,40.1
G,25.0,72,0,0.32,9.5,13.0,87.5,23.5,253,1.8,60.1
G,25.0,72,0,0.32,8.3,21.5,83.8,24.5,267,9.5,85.4
G,25.0,72,8,0.32,8.5,4.3,83.4,19.5,271,1.9,46.0
G,25.0,72,8,0.32,8.8,22.4,84.2,20.5,267,2.0,55.1
G,25.0,72,8,0.29,4.8,16.4,86.1,22.5,266,3.0,59.5
G,25.0,72,8,0.29,8.7,1.8,85.3,22.0,271,3.2,52.6
G,25.0,72,8,0.31,7.5,2.3,87.5,18.0,268,2.4,50.8
G,25.0,72,8,0.32,9.2,8.1,83.2,24.0,269,3.9,50.9
G,25.0,72,16,0.31,6.7,2.4,86.6,18.0,270,4.5,50.3
G,25.0,72,16,0.37,9.0,3.1,85.6,22.0,275,3.9,58.6
G,25.0,72,16,0.44,10.5,13.7,84.4,24.5,283,5.7,56.3
G,25.0,72,16,0.28,8.5,9.0,83.2,20.5,283,9.2,61.2
G,25.0,72,16,0.29,7.0,2.6,89.3,19.5,270,3.0,60.7
G,25.0,72,16,0.33,10.0,14.5,84.9,23.0,275,2.9,51.1
G,25.0,72,32,0.29,16.8,5.6,81.4,22.5,318,6.2,45.6
G,25.0,72,32,0.34,15.6,3.3,82.1,22.5,314,5.6,52.7
G,25.0,72,32,0.31,21.2,5.0,83.4,21.0,320,6.9,55.2
G,25.0,72,32,0.34,18.5,18.1,82.5,23.5,309,12.4,61.6
G,25.0,72,32,0.36,15.0,3.8,83.1,20.5,322,5.5,47.8
G,50.0,72,0,0.35,6.7,19.8,83.0,24.5,267,12.0,73.7
G,50.0,72,0,0.32,5.9,5.2,82.2,26.5,272,6.8,46.1
G,50.0,72,0,0.35,4.7,9.2,80.9,21.5,261,7.0,68.7
G,50.0,72,0,0.35,7.1,13.4,82.4,24.5,280,11.3,69.5
G,50.0,72,0,0.36,5.0,16.0,81.6,21.0,271,9.2,58.6
G,50.0,72,0,0.33,6.2,6.1,83.2,22.5,282,13.9,67.5
G,50.0,72,8,0.37,6.6,14.2,83.2,21.5,285,3.6,48.9
G,50.0,72,8,0.33,6.3,18.8,83.6,18.5,268,4.6,58.8
G,50.0,72,8,0.36,7.8,38.0,81.7,26.5,282,4.8,77.8
G,50.0,72,8,0.34,7.7,10.6,82.4,25.0,286,4.7,59.7
G,50.0,72,8,0.32,6.4,11.5,82.8,21.5,279,5.2,60.1
G,50.0,72,8,0.37,6.4,3.5,81.7,26.5,276,5.5,54.7
G,50.0,72,16,0.37,4.9,18.0,82.7,24.0,274,8.8,55.2
G,50.0,72,16,0.34,7.1,2.2,81.9,23.0,287,6.9,58.0
G,50.0,72,16,0.38,8.1,3.1,82.7,18.0,288,11.0,64.5
G,50.0,72,16,0.33,6.6,3.2,81.1,26.5,291,9.3,61.3
G,50.0,72,16,0.35,6.3,2.4,83.7,26.0,285,7.8,59.0
G,50.0,72,16,0.33,5.5,2.9,86.1,20.0,282,8.1,49.6
G,50.0,72,32,0.33,16.5,8.1,80.1,21.0,331,7.6,55.1
G,50.0,72,32,0.36,19.5,28.3,80.7,23.5,312,9.6,48.0
G,50.0,72,32,0.32,18.8,26.6,80.6,23.5,294,8.5,57.9
G,50.0,72,32,0.35,13.0,5.4,83.2,20.5,310,7.0,58.7
G,50.0,72,32,0.44,14.3,30.0,83.7,21.5,300,5.1,50.9
G,50.0,72,32,0.35,17.6,5.8,81.1,23.0,371,9.5,79.3
G,100.0,72,0,0.34,4.5,8.9,79.7,25.5,262,8.3,55.8
G,100.0,72,0,0.35,6.6,27.7,80.4,24.5,277,14.4,83.2
G,100.0,72,0,0.43,6.7,10.7,79.6,29.5,272,11.1,81.9
G,100.0,72,0,0.39,5.8,6.6,79.1,31.0,273,12.2,64.3
G,100.0,72,0,0.26,5.6,6.5,79.2,23.5,282,16.0,79.7
G,100.0,72,0,0.40,6.3,4.4,78.3,24.0,278,14.7,67.8
G,100.0,72,8,0.39,8.6,3.0,79.4,19.0,279,9.4,60.1
G,100.0,72,8,0.33,5.8,4.5,80.1,22.0,276,4.7,66.6
G,100.0,72,8,0.34,5.7,10.2,80.9,22.5,274,5.1,64.5
G,100.0,72,8,0.37,7.8,4.3,79.6,26.0,279,14.4,63.4
G,100.0,72,8,0.38,5.7,3.9,79.8,17.0,290,7.6,66.3
G,100.0,72,8,0.37,6.8,0.6,79.3,23.5,273,8.6,61.6
G,100.0,72,16,0.42,6.7,3.3,80.7,23.0,279,9.1,61.4
G,100.0,72,16,0.44,6.5,3.4,79.2,24.5,283,12.9,67.1
G,100.0,72,16,0.37,10.1,3.7,79.7,22.5,280,10.6,63.0
G,100.0,72,16,0.36,7.2,17.7,79.0,24.5,304,9.9,74.9
G,100.0,72,16,0.40,8.1,3.8,80.4,25.0,299,9.1,63.4
G,100.0,72,16,0.34,6.8,12.1,80.2,19.0,294,7.0,58.0
G,100.0,72,32,0.41,13.8,23.0,80.4,15.0,331,10.3,55.0
G,100.0,72,32,0.36,13.6,5.9,80.8,22.0,315,11.7,76.7
G,100.0,72,32,0.37,13.3,4.5,81.1,24.5,296,7.4,57.6
G,100.0,72,32,0.34,12.3,22.5,82.4,20.0,314,10.1,78.2
G,100.0,72,32,0.44,10.1,4.7,80.6,24.5,337,7.4,50.6
G,100.0,72,32,0.42,11.3,15.2,81.5,24.5,310,8.7,55.0
G,12.5,120,0,0.33,6.9,10.0,91.5,31.0,284,2.9,39.0
G,12.5,120,0,0.30,5.8,10.1,86.1,27.0,263,3.8,48.1
G,12.5,120,0,0.30,9.4,14.6,87.2,25.0,273,3.6,50.3
G,12.5,120,0,0.31,7.5,1.5,87.9,28.5,262,3.9,50.1
G,12.5,120,0,0.32,7.4,11.7,84.1,29.0,268,3.3,49.0
G,12.5,120,0,0.32,8.7,6.3,86.0,23.0,271,3.1,49.0
G,12.5,120,8,0.30,3.8,7.0,89.5,21.5,272,1.8,27.5
G,12.5,120,8,0.31,6.3,1.5,86.0,24.5,271,2.6,48.5
G,12.5,120,8,0.35,8.0,2.4,86.3,24.5,291,3.1,48.4
G,12.5,120,8,0.32,7.5,2.3,86.3,27.5,275,1.5,48.7
G,12.5,120,8,0.30,7.7,6.5,87.7,25.0,265,1.9,47.9
G,12.5,120,8,0.31,8.6,20.5,87.8,22.0,260,1.5,50.4
G,12.5,120,16,0.31,9.5,19.3,92.1,21.0,266,2.3,43.8
G,12.5,120,16,0.30,10.1,2.1,87.1,24.5,280,3.0,52.5
G,12.5,120,16,0.30,9.6,2.0,85.2,22.5,288,1.4,46.1
G,12.5,120,16,0.30,7.1,10.8,91.2,22.0,264,1.7,41.7
G,12.5,120,16,0.35,7.9,28.0,86.3,20.0,277,4.4,50.3
G,12.5,120,16,0.30,9.2,5.8,86.6,24.0,269,3.3,52.0
G,12.5,120,32,0.35,16.2,17.6,85.8,23.0,296,4.7,42.7
G,12.5,120,32,0.31,16.4,16.7,83.8,25.5,296,5.1,47.9
G,12.5,120,32,0.27,18.7,23.4,86.2,16.0,286,4.1,48.7
G,12.5,120,32,0.40,14.3,6.0,84.5,17.5,318,4.1,44.5
G,12.5,120,32,0.30,18.0,13.4,90.8,21.5,296,3.6,43.0
G,25.0,120,0,0.34,7.4,3.3,85.6,26.0,265,4.6,42.3
G,25.0,120,0,0.29,9.0,15.8,84.1,25.0,265,4.7,48.6
G,25.0,120,0,0.33,5.4,15.9,82.9,26.5,271,6.9,43.0
G,25.0,120,0,0.30,6.7,10.3,84.0,25.0,268,5.2,48.5
G,25.0,120,0,0.29,9.2,1.9,86.9,27.0,261,3.8,51.9
G,25.0,120,0,0.33,7.2,17.4,83.2,29.5,269,3.8,47.7
G,25.0,120,8,0.36,8.1,3.0,83.4,24.5,266,3.7,51.7
G,25.0,120,8,0.32,6.7,9.0,87.7,24.0,266,2.0,51.8
G,25.0,120,8,0.33,9.3,4.1,84.5,25.5,262,3.7,52.1
G,25.0,120,8,0.30,7.9,7.3,86.5,22.5,283,1.9,58.3
G,25.0,120,8,0.30,8.2,2.3,84.0,27.5,270,5.2,48.6
G,25.0,120,8,0.33,7.9,5.2,81.8,26.0,272,4.2,53.8
G,25.0,120,16,0.32,10.6,5.3,83.4,23.5,267,5.2,52.0
G,25.0,120,16,0.34,10.0,9.6,83.5,24.0,270,4.6,60.3
G,25.0,120,16,0.33,9.8,1.6,83.1,25.5,277,7.0,45.8
G,25.0,120,16,0.36,7.2,2.7,84.0,25.0,286,3.9,46.7
G,25.0,120,16,0.34,11.4,8.5,84.3,22.0,284,7.4,53.8
G,25.0,120,16,0.36,8.5,20.6,87.2,22.5,273,3.7,47.4
G,25.0,120,32,0.31,16.7,4.4,84.3,24.5,287,5.9,51.5
G,25.0,120,32,0.35,17.9,28.1,85.2,21.5,292,6.8,57.9
G,25.0,120,32,0.33,18.6,4.6,86.7,14.5,317,5.2,48.7
G,25.0,120,32,0.31,19.6,7.5,85.2,21.5,295,5.8,48.8
G,25.0,120,32,0.33,15.1,23.6,86.4,19.0,293,4.3,49.2
G,25.0,120,32,0.33,19.1,4.6,85.6,21.5,299,6.8,51.4
G,50.0,120,0,0.31,8.8,4.7,82.2,22.0,261,10.3,66.9
G,50.0,120,0,0.33,7.3,6.6,81.6,26.0,271,9.0,72.3
G,50.0,120,0,0.34,5.4,19.9,80.7,27.0,287,11.4,67.1
G,50.0,120,0,0.38,8.1,6.2,80.0,25.5,268,20.0,63.1
G,50.0,120,0,0.19,6.6,5.6,81.7,25.0,279,9.7,72.9
G,50.0,120,0,0.33,6.4,9.2,82.2,30.5,NA,10.5,66.6
G,50.0,120,8,0.33,8.1,2.6,82.2,20.5,273,5.2,61.6
G,50.0,120,8,0.36,7.5,6.1,81.4,18.5,273,7.3,53.8
G,50.0,120,8,0.30,7.0,7.4,81.8,26.5,285,3.6,54.3
G,50.0,120,8,0.35,7.0,6.7,81.3,21.5,267,2.7,50.3
G,50.0,120,8,0.33,6.9,2.1,86.8,21.5,274,1.9,51.9
G,50.0,120,8,0.39,7.5,6.4,83.6,17.5,265,3.5,48.7
G,50.0,120,16,0.34,8.0,1.9,83.0,20.0,282,7.2,56.4
G,50.0,120,16,0.33,9.0,8.6,81.7,26.5,273,9.4,53.3
G,50.0,120,16,0.03,10.7,14.6,84.7,22.5,279,6.1,56.2
G,50.0,120,16,0.37,5.4,1.4,89.1,18.5,272,6.2,57.0
G,50.0,120,16,0.34,7.8,3.3,82.3,22.0,277,9.1,63.0
G,50.0,120,16,0.36,6.9,2.6,82.9,20.5,275,9.5,49.4
G,50.0,120,32,0.40,16.0,20.3,82.3,20.5,287,8.9,48.6
G,50.0,120,32,0.37,15.5,17.2,82.3,22.0,291,7.2,66.8
G,50.0,120,32,0.34,17.4,36.1,82.5,19.0,298,7.8,54.5
G,50.0,120,32,0.41,17.0,16.6,85.1,20.0,296,6.2,53.9
G,50.0,120,32,0.40,15.4,17.9,82.6,22.5,291,10.9,54.0
G,100.0,120,0,0.37,7.4,15.4,78.8,27.5,268,16.2,66.6
G,100.0,120,0,0.38,6.1,10.9,79.8,24.5,269,13.2,75.7
G,100.0,120,0,0.38,6.5,6.0,79.1,25.0,259,13.2,66.3
G,100.0,120,0,0.36,6.0,7.4,85.4,26.5,262,12.3,66.9
G,100.0,120,0,0.40,6.5,7.5,78.1,25.5,291,17.1,62.2
G,100.0,120,0,0.42,3.4,7.1,80.4,23.5,296,17.9,74.1
G,100.0,120,8,0.35,7.4,12.8,80.3,21.5,273,5.8,59.8
G,100.0,120,8,0.40,7.4,4.0,79.6,26.0,278,10.8,60.2
G,100.0,120,8,0.37,7.8,4.7,80.9,20.5,278,6.0,56.6
G,100.0,120,8,0.38,7.6,2.1,80.1,25.0,287,5.1,64.8
G,100.0,120,8,0.42,6.6,2.4,80.0,25.5,281,10.3,73.4
G,100.0,120,8,0.35,7.3,5.4,80.6,24.5,273,7.6,69.5
G,100.0,120,16,0.37,6.1,19.0,79.9,22.0,294,5.6,15.8
G,100.0,120,16,0.40,6.5,19.1,81.0,21.0,276,9.8,65.0
G,100.0,120,16,0.39,6.9,16.1,80.9,20.5,282,7.8,66.0
G,100.0,120,16,0.37,9.5,4.2,80.1,21.0,273,10.7,54.1
G,100.0,120,16,0.43,9.8,3.1,79.2,26.0,310,14.4,75.0
G,100.0,120,16,0.36,7.2,16.1,80.9,23.5,278,11.5,64.8
G,100.0,120,32,0.37,9.4,14.1,80.9,22.0,276,12.4,53.3
G,100.0,120,32,0.43,11.1,6.8,82.0,22.0,316,12.1,56.5
G,100.0,120,32,0.36,15.8,19.7,82.0,21.5,285,10.6,53.0
G,100.0,120,32,0.37,12.2,2.8,82.2,21.5,288,9.2,52.5
G,100.0,120,32,0.41,17.6,28.0,78.6,25.0,287,10.9,57.8
W,12.5,12,0,0.42,5.1,5.3,79.4,20.3,259,16.6,83.7
W,12.5,12,0,0.44,4.7,5.2,77.8,21.0,272,18.0,92.4
W,12.5,12,0,0.44,3.6,4.5,78.8,24.5,261,17.4,93.8
W,12.5,12,0,0.43,5.9,5.2,79.0,23.0,267,13.9,122.0
W,12.5,12,0,0.42,4.6,4.9,78.2,22.8,262,8.1,89.6
W,12.5,12,0,0.45,6.3,4.1,78.6,20.3,261,7.0,94.8
W,12.5,12,8,0.54,4.2,4.1,76.3,22.0,268,12.9,93.0
W,12.5,12,8,0.43,3.2,5.1,78.0,21.5,264,13.5,90.3
W,12.5,12,8,0.43,4.8,5.2,78.6,22.5,268,14.0,93.4
W,12.5,12,8,0.49,4.7,3.1,78.1,25.8,262,14.6,93.8
W,12.5,12,8,0.37,4.7,4.1,76.6,21.5,260,12.0,84.5
W,12.5,12,8,0.50,5.0,5.3,78.0,23.8,267,10.9,95.1
W,12.5,12,16,0.38,4.3,3.9,77.9,23.3,283,7.0,80.3
W,12.5,12,16,0.50,4.0,3.9,76.6,22.5,284,8.4,82.8
W,12.5,12,16,0.45,4.4,4.1,77.3,24.8,278,9.0,98.4
W,12.5,12,16,0.43,3.8,4.0,77.4,23.8,283,8.6,88.5
W,12.5,12,16,0.44,6.2,4.8,76.1,21.3,291,7.5,120.0
W,12.5,12,16,0.49,5.6,4.2,77.4,18.0,290,8.8,105.5
W,12.5,12,24,0.42,4.9,NA,75.7,25.8,323,6.8,145.0
W,12.5,12,24,0.42,3.8,6.1,75.6,25.8,310,9.7,117.5
W,12.5,12,24,0.47,4.1,2.7,76.8,22.0,319,9.0,166.0
W,12.5,12,24,0.47,7.8,4.8,75.1,21.0,320,9.3,163.0
W,12.5,12,24,0.45,2.7,5.0,74.9,23.0,304,6.9,138.0
W,12.5,12,24,0.42,5.1,3.5,75.6,23.5,322,8.9,106.0
W,25.0,12,0,0.41,NA,4.6,78.4,21.0,257,21.5,71.1
W,25.0,12,0,0.45,2.9,5.2,78.7,23.0,262,16.6,72.2
W,25.0,12,0,0.47,5.5,4.3,76.9,21.8,258,11.3,74.8
W,25.0,12,0,0.49,3.3,4.5,78.1,22.0,261,14.3,95.0
W,25.0,12,0,0.49,5.2,NA,78.0,23.5,262,9.8,81.5
W,25.0,12,0,0.61,4.1,5.5,79.6,24.0,259,7.2,68.1
W,25.0,12,8,0.47,3.2,5.4,78.2,22.0,258,11.3,67.4
W,25.0,12,8,0.43,2.5,4.8,78.7,24.0,271,10.8,108.5
W,25.0,12,8,0.50,3.7,5.9,77.9,20.8,266,12.2,88.1
W,25.0,12,8,0.44,4.0,4.4,78.7,19.8,264,9.7,68.3
W,25.0,12,8,0.49,3.3,5.3,78.7,24.5,261,11.9,91.9
W,25.0,12,8,0.50,3.8,4.8,77.8,19.0,274,11.6,108.5
W,25.0,12,16,0.44,2.5,3.9,77.1,23.0,290,12.3,75.9
W,25.0,12,16,0.45,4.8,4.0,77.4,19.3,292,8.4,118.5
W,25.0,12,16,0.42,5.4,3.5,77.3,20.0,290,9.3,119.0
W,25.0,12,16,0.56,5.0,4.4,76.0,18.3,298,11.8,92.0
W,25.0,12,16,0.49,1.7,4.7,76.8,20.8,306,9.9,99.5
W,25.0,12,16,0.52,4.1,3.3,73.3,22.5,295,7.0,83.0
W,25.0,12,24,0.46,3.5,3.7,75.7,19.0,314,7.7,148.5
W,25.0,12,24,0.45,4.5,5.3,76.1,17.5,329,7.4,125.5
W,25.0,12,24,0.44,4.2,4.8,75.5,22.8,317,12.0,137.5
W,25.0,12,24,0.46,3.1,5.1,75.6,24.3,330,8.9,133.5
W,25.0,12,24,0.40,3.8,5.1,76.3,21.5,315,8.8,139.5
W,25.0,12,24,0.41,4.2,4.2,76.3,18.5,309,8.9,129.0
W,50.0,12,0,0.41,5.9,5.8,78.5,20.3,265,21.9,106.5
W,50.0,12,0,0.50,4.0,3.4,77.8,24.5,264,17.7,82.0
W,50.0,12,0,0.45,4.9,3.7,78.3,23.5,263,13.9,92.5
W,50.0,12,0,0.42,3.6,4.9,78.5,22.5,263,11.8,90.2
W,50.0,12,0,0.44,4.3,5.5,78.0,23.3,261,8.5,97.4
W,50.0,12,0,0.54,4.9,4.4,78.5,23.5,268,11.9,80.4
W,50.0,12,8,0.46,5.2,4.2,78.5,22.0,264,14.5,81.0
W,50.0,12,8,0.43,5.3,5.0,77.5,21.0,260,8.8,75.7
W,50.0,12,8,0.49,4.5,4.3,78.4,20.0,274,12.6,85.3
W,50.0,12,8,0.55,4.9,6.7,78.3,22.8,260,14.6,88.8
W,50.0,12,8,0.53,5.4,2.6,77.4,25.0,260,11.1,70.1
W,50.0,12,8,0.44,11.3,4.6,77.1,27.0,266,8.0,80.9
W,50.0,12,16,0.66,7.1,3.7,77.6,20.3,292,8.7,106.5
W,50.0,12,16,0.53,4.8,5.8,77.4,24.0,283,13.2,93.7
W,50.0,12,16,0.59,4.9,4.3,77.0,19.8,294,10.3,96.8
W,50.0,12,16,0.49,5.3,9.4,76.2,19.0,294,11.6,85.4
W,50.0,12,16,0.48,5.2,4.7,77.6,21.8,285,8.7,105.0
W,50.0,12,16,0.49,6.2,6.1,77.1,19.8,297,12.4,96.9
W,50.0,12,24,0.52,6.9,5.2,76.0,24.0,333,13.5,186.0
W,50.0,12,24,0.56,6.7,5.9,76.1,24.5,335,14.0,180.5
W,50.0,12,24,0.42,5.3,4.1,74.5,18.0,342,9.1,157.5
W,50.0,12,24,0.47,3.9,7.3,76.4,19.3,313,13.9,180.5
W,50.0,12,24,0.44,5.0,5.3,74.0,21.0,344,10.8,128.0
W,50.0,12,24,0.59,4.5,5.8,76.5,19.8,332,13.6,132.0
W,100.0,12,0,0.56,5.5,6.9,77.6,23.5,261,20.1,84.4
W,100.0,12,0,0.57,5.8,6.7,77.6,23.3,278,34.8,91.5
W,100.0,12,0,0.46,6.9,6.0,77.9,25.0,260,12.5,76.6
W,100.0,12,0,0.45,5.0,4.6,78.1,26.3,256,14.3,90.7
W,100.0,12,0,0.49,4.3,4.8,78.4,25.0,268,10.1,82.6
W,100.0,12,0,0.46,6.5,4.3,78.5,22.3,260,8.3,79.7
W,100.0,12,8,0.55,4.6,5.4,78.4,27.3,263,14.8,79.3
W,100.0,12,8,0.46,4.7,6.4,77.8,20.8,269,11.8,78.4
W,100.0,12,8,0.51,4.4,5.2,78.4,21.8,263,10.7,78.9
W,100.0,12,8,0.49,6.0,5.8,77.7,20.8,264,16.0,83.9
W,100.0,12,8,0.50,4.7,6.0,77.9,22.0,274,14.8,94.0
W,100.0,12,8,0.50,4.7,3.7,77.9,24.3,271,15.6,82.4
W,100.0,12,16,0.46,4.7,7.0,77.3,22.3,287,12.1,109.0
W,100.0,12,16,0.46,5.3,6.3,76.8,22.8,300,11.6,86.8
W,100.0,12,16,0.52,4.0,5.2,76.7,23.0,308,11.3,83.9
W,100.0,12,16,0.51,4.0,4.2,77.5,21.8,282,11.0,91.6
W,100.0,12,16,0.45,5.5,5.6,77.5,24.3,278,9.9,93.5
W,100.0,12,16,0.47,NA,4.0,77.5,18.5,284,13.2,80.4
W,100.0,12,24,0.52,4.4,6.7,75.8,24.0,302,8.3,131.0
W,100.0,12,24,0.47,5.5,7.5,75.9,24.8,327,11.8,167.0
W,100.0,12,24,0.51,5.2,6.0,75.1,22.3,334,12.2,158.5
W,100.0,12,24,0.47,4.5,6.0,74.8,20.5,331,8.6,119.0
W,100.0,12,24,0.51,5.2,6.0,75.7,20.3,347,9.1,185.0
W,100.0,12,24,0.59,4.6,6.0,75.5,21.5,338,12.4,167.5
W,12.5,72,0,0.40,3.0,4.1,78.8,23.0,258,7.3,68.0
W,12.5,72,0,0.43,2.1,3.7,79.1,22.8,267,12.0,71.9
W,12.5,72,0,0.40,1.2,4.5,78.4,22.3,259,10.7,63.1
W,12.5,72,0,0.46,5.4,4.2,78.3,23.5,272,13.3,70.4
W,12.5,72,0,0.43,3.7,3.9,79.0,24.3,262,7.5,80.5
W,12.5,72,0,0.47,4.2,2.7,77.6,26.5,269,10.6,62.9
W,12.5,72,8,0.40,5.6,3.3,79.6,26.3,255,6.7,62.8
W,12.5,72,8,0.46,5.2,4.0,78.9,22.5,274,12.0,97.4
W,12.5,72,8,0.23,6.0,2.6,78.7,22.8,268,10.6,76.9
W,12.5,72,8,0.50,5.3,2.9,77.7,24.3,260,10.1,59.7
W,12.5,72,8,0.45,4.8,2.2,79.1,22.5,258,7.3,49.6
W,12.5,72,8,0.39,4.7,2.4,79.0,21.3,263,6.7,57.9
W,12.5,72,16,0.42,9.6,6.4,78.0,22.3,271,8.4,63.4
W,12.5,72,16,0.40,10.1,4.3,78.4,20.5,275,6.4,58.2
W,12.5,72,16,0.47,7.9,4.2,78.6,23.3,265,7.4,61.5
W,12.5,72,16,0.42,11.2,4.5,78.8,21.3,269,6.4,58.1
W,12.5,72,16,0.44,8.7,4.2,79.4,20.0,264,9.3,58.6
W,12.5,72,16,0.44,7.4,5.2,78.5,21.5,272,6.0,60.3
W,12.5,72,24,0.43,14.4,5.5,77.7,24.0,303,13.1,76.9
W,12.5,72,24,0.45,16.1,5.0,77.1,20.0,321,8.8,51.2
W,12.5,72,24,0.45,11.2,5.1,76.1,22.5,340,9.9,67.9
W,12.5,72,24,0.40,10.7,5.2,77.1,21.8,306,10.3,74.1
W,12.5,72,24,0.43,15.7,4.3,77.4,22.5,318,6.5,115.5
W,12.5,72,24,0.39,12.9,5.7,78.1,21.3,301,10.0,84.6
W,25.0,72,0,0.40,3.4,4.9,78.5,26.0,254,6.5,76.2
W,25.0,72,0,0.49,3.1,2.6,77.9,21.8,254,9.3,66.5
W,25.0,72,0,0.51,3.1,5.6,78.7,22.5,259,8.6,83.0
W,25.0,72,0,0.42,3.6,0.7,78.1,23.5,266,7.2,71.4
W,25.0,72,0,0.67,3.4,3.2,78.8,27.0,271,11.4,92.5
W,25.0,72,0,0.43,3.7,3.5,78.9,27.8,261,10.4,79.8
W,25.0,72,8,0.43,4.5,2.7,78.3,20.0,273,21.4,84.7
W,25.0,72,8,0.40,5.3,3.6,78.7,20.3,263,10.4,91.9
W,25.0,72,8,0.48,2.0,2.0,78.1,23.0,260,11.3,73.9
W,25.0,72,8,0.44,4.6,3.6,78.8,23.8,267,9.1,78.3
W,25.0,72,8,0.65,5.7,2.8,78.6,27.0,258,9.4,70.7
W,25.0,72,8,0.49,4.0,3.1,78.7,20.5,260,10.2,71.8
W,25.0,72,16,0.52,6.3,5.9,78.6,21.8,270,9.5,73.9
W,25.0,72,16,0.50,7.0,4.8,78.4,23.0,269,17.2,71.1
W,25.0,72,16,0.46,7.3,4.7,78.4,20.8,NA,NA,NA
W,25.0,72,16,0.45,8.3,5.5,78.8,20.0,280,11.8,65.1
W,25.0,72,16,0.44,5.2,4.6,78.0,23.8,278,12.3,64.2
W,25.0,72,16,0.44,9.4,4.9,79.0,22.0,264,8.5,62.2
W,25.0,72,24,0.45,9.3,8.5,77.7,19.5,291,10.8,65.5
W,25.0,72,24,0.47,NA,4.4,NA,NA,NA,NA,NA
W,25.0,72,24,0.53,12.0,6.5,78.5,26.3,292,11.8,61.9
W,25.0,72,24,0.65,12.3,4.3,77.2,20.3,306,11.3,78.4
W,25.0,72,24,0.42,11.3,6.0,78.1,23.8,285,7.7,57.8
W,25.0,72,24,0.44,10.1,5.2,77.6,21.5,313,11.0,63.1
W,50.0,72,0,0.49,2.7,3.5,78.1,23.5,264,13.1,84.6
W,50.0,72,0,0.46,3.0,4.8,78.5,23.5,257,9.1,80.5
W,50.0,72,0,0.47,3.1,4.6,78.7,24.5,260,13.8,93.2
W,50.0,72,0,0.42,2.4,5.8,76.7,22.8,262,13.5,84.3
W,50.0,72,0,0.48,4.1,5.2,77.3,25.0,274,10.9,80.4
W,50.0,72,0,0.54,3.9,4.0,78.6,28.0,269,7.9,83.7
W,50.0,72,8,0.49,4.7,3.7,78.2,24.8,266,23.9,75.6
W,50.0,72,8,0.46,3.7,2.1,78.1,24.3,263,14.4,61.7
W,50.0,72,8,0.48,3.2,1.3,78.9,24.8,265,7.9,71.0
W,50.0,72,8,0.44,3.1,3.0,77.7,23.8,267,13.3,72.9
W,50.0,72,8,0.45,3.9,2.6,77.4,19.0,269,10.9,87.1
W,50.0,72,8,0.51,3.9,3.2,78.4,23.0,267,13.2,90.5
W,50.0,72,16,0.44,5.7,5.9,77.6,22.3,268,12.7,83.0
W,50.0,72,16,0.47,5.3,6.1,78.1,NA,264,10.6,68.0
W,50.0,72,16,0.46,6.3,4.1,79.0,24.8,271,9.7,63.7
W,50.0,72,16,0.63,5.3,5.8,77.9,23.0,267,10.8,86.5
W,50.0,72,16,0.53,6.9,6.8,78.0,22.8,267,13.4,68.1
W,50.0,72,16,0.44,5.1,5.9,77.6,21.3,268,12.9,73.3
W,50.0,72,24,0.44,10.4,6.0,78.0,21.5,291,10.5,62.0
W,50.0,72,24,0.47,7.9,9.1,77.8,23.0,302,15.6,65.0
W,50.0,72,24,0.51,12.4,6.6,76.8,24.3,309,15.2,58.6
W,50.0,72,24,0.49,13.6,14.3,77.7,18.0,300,10.7,69.9
W,50.0,72,24,0.42,11.2,7.6,77.2,19.0,298,13.5,65.8
W,50.0,72,24,0.51,12.2,6.2,77.9,19.0,291,13.4,67.6
W,100.0,72,0,0.56,3.0,3.6,78.3,26.8,265,11.3,77.7
W,100.0,72,0,0.44,5.2,6.4,78.7,25.5,266,12.5,82.6
W,100.0,72,0,0.53,4.3,4.4,78.9,24.5,258,10.0,81.2
W,100.0,72,0,0.51,3.7,4.8,78.0,26.5,262,13.1,77.5
W,100.0,72,0,0.52,3.9,3.5,78.8,25.8,252,9.2,77.1
W,100.0,72,0,0.52,4.8,5.4,78.5,25.3,257,10.8,81.4
W,100.0,72,8,0.54,5.0,5.7,77.6,25.5,262,20.2,79.8
W,100.0,72,8,0.47,4.4,3.6,78.0,26.5,260,11.7,81.6
W,100.0,72,8,0.53,6.0,2.6,78.2,21.8,257,11.0,80.5
W,100.0,72,8,0.50,3.2,4.5,78.3,24.8,266,15.4,76.0
W,100.0,72,8,0.51,4.7,2.5,78.3,24.0,262,11.4,73.6
W,100.0,72,8,0.55,4.3,6.1,78.0,20.5,266,12.5,60.4
W,100.0,72,16,0.62,5.1,5.4,77.3,21.0,265,9.7,65.1
W,100.0,72,16,0.48,7.6,5.6,78.1,24.0,273,12.0,79.1
W,100.0,72,16,0.49,6.1,3.4,78.2,26.0,276,15.3,82.2
W,100.0,72,16,0.62,7.5,5.4,78.5,25.0,277,11.1,64.9
W,100.0,72,16,0.56,6.2,6.7,78.1,21.0,271,10.9,71.9
W,100.0,72,16,0.53,7.3,5.4,78.3,25.8,276,11.6,75.0
W,100.0,72,24,0.53,11.2,10.4,77.5,25.5,287,17.9,72.6
W,100.0,72,24,0.51,10.6,10.9,78.1,23.5,286,14.8,67.4
W,100.0,72,24,0.54,12.1,7.6,78.4,26.3,288,14.8,67.4
W,100.0,72,24,0.51,14.0,8.5,78.4,20.5,276,13.4,83.4
W,100.0,72,24,0.73,8.4,9.0,78.2,24.5,287,11.6,65.0
W,100.0,72,24,0.52,11.5,8.4,78.1,27.0,281,13.7,79.0
W,12.5,120,0,0.61,4.3,3.3,77.7,27.0,273,9.6,64.6
W,12.5,120,0,0.49,4.0,3.3,79.1,20.0,252,4.2,61.5
W,12.5,120,0,0.38,4.1,4.5,78.1,22.5,262,11.0,76.2
W,12.5,120,0,0.39,4.5,4.7,79.1,23.8,267,8.1,62.9
W,12.5,120,0,0.48,4.3,3.9,79.4,21.8,273,16.3,77.6
W,12.5,120,0,0.45,3.8,2.7,79.5,19.8,256,5.6,67.9
W,12.5,120,8,0.44,9.5,2.1,78.3,24.5,250,8.7,63.0
W,12.5,120,8,0.44,NA,2.7,79.6,23.5,255,7.9,69.5
W,12.5,120,8,0.44,5.0,2.4,79.2,23.8,267,10.3,72.6
W,12.5,120,8,0.40,4.6,1.6,78.9,24.0,257,5.6,60.3
W,12.5,120,8,0.40,6.4,1.8,78.4,21.5,267,10.1,71.7
W,12.5,120,8,0.40,4.8,2.2,79.1,23.5,258,11.1,67.8
W,12.5,120,16,0.45,NA,4.2,79.2,22.3,270,6.4,57.0
W,12.5,120,16,0.42,8.6,5.5,78.8,23.5,273,7.5,64.0
W,12.5,120,16,0.42,7.4,4.3,79.7,23.0,263,4.5,63.3
W,12.5,120,16,0.44,7.8,4.6,76.4,25.0,264,7.9,62.8
W,12.5,120,16,0.43,7.1,3.3,78.6,25.8,274,7.9,58.2
W,12.5,120,16,0.42,8.6,3.5,79.2,24.8,274,8.7,56.0
W,12.5,120,24,0.41,12.1,5.5,78.5,22.0,313,7.4,44.5
W,12.5,120,24,0.42,15.2,7.4,78.6,26.5,297,5.1,47.3
W,12.5,120,24,0.43,15.9,5.2,77.4,24.0,330,8.6,48.7
W,12.5,120,24,0.41,16.2,7.3,79.0,21.0,290,11.3,66.0
W,12.5,120,24,0.39,14.0,5.9,76.8,26.8,313,7.9,56.2
W,12.5,120,24,0.43,13.6,6.4,78.5,22.8,280,8.1,56.1
W,25.0,120,0,0.54,4.0,3.3,79.4,24.0,257,6.9,58.2
W,25.0,120,0,0.42,4.1,4.2,79.4,25.0,255,5.2,62.1
W,25.0,120,0,0.40,2.9,5.7,78.7,25.5,269,11.0,89.1
W,25.0,120,0,0.39,4.4,3.9,79.1,20.0,258,11.4,72.8
W,25.0,120,0,0.43,4.1,2.3,78.9,29.8,252,8.2,72.1
W,25.0,120,0,0.43,3.8,4.3,78.7,24.3,262,6.3,68.1
W,25.0,120,8,0.46,4.9,2.2,78.3,23.0,258,12.1,69.5
W,25.0,120,8,0.43,5.6,1.7,79.2,25.8,256,7.7,70.3
W,25.0,120,8,0.42,6.0,4.1,78.3,23.3,256,8.5,63.3
W,25.0,120,8,0.51,6.2,1.6,79.4,23.8,257,7.3,58.7
W,25.0,120,8,0.40,5.1,1.3,79.4,21.3,266,18.0,87.3
W,25.0,120,8,0.54,7.0,3.0,79.1,25.8,253,11.6,65.3
W,25.0,120,16,0.45,7.9,5.5,79.2,22.0,266,10.4,47.7
W,25.0,120,16,0.41,8.3,4.3,77.3,23.0,270,8.9,64.1
W,25.0,120,16,0.51,7.2,4.3,78.9,24.8,269,8.6,63.0
W,25.0,120,16,0.43,6.6,2.9,77.3,23.3,261,6.2,59.1
W,25.0,120,16,0.39,6.4,4.3,79.1,26.3,270,8.7,52.0
W,25.0,120,16,0.42,NA,5.5,78.2,22.5,267,8.8,65.0
W,25.0,120,24,0.48,15.8,6.4,77.8,19.0,306,8.0,57.0
W,25.0,120,24,0.42,14.0,6.6,78.7,23.8,302,5.8,47.0
W,25.0,120,24,0.48,16.4,5.2,77.8,23.8,312,8.1,50.9
W,25.0,120,24,0.44,14.2,9.6,79.3,22.8,291,10.9,61.2
W,25.0,120,24,0.46,12.9,6.3,78.2,21.8,295,11.0,70.9
W,25.0,120,24,0.44,15.5,8.4,78.5,23.3,291,12.7,57.5
W,50.0,120,0,0.45,3.0,4.5,78.7,24.0,258,7.1,61.2
W,50.0,120,0,0.45,5.1,6.1,78.8,25.8,269,6.6,79.2
W,50.0,120,0,0.55,3.2,2.6,78.3,23.5,257,7.1,71.9
W,50.0,120,0,0.48,3.6,4.2,78.6,19.0,266,9.7,67.9
W,50.0,120,0,0.40,3.9,5.2,79.6,26.0,259,8.0,70.0
W,50.0,120,0,0.45,4.2,5.1,78.8,26.3,260,5.2,68.3
W,50.0,120,8,0.39,4.3,2.6,79.2,22.0,254,10.5,68.8
W,50.0,120,8,0.42,4.6,2.0,78.8,20.3,261,8.9,69.2
W,50.0,120,8,0.50,5.5,2.7,78.8,23.8,272,17.3,93.9
W,50.0,120,8,0.45,NA,2.1,78.7,20.3,271,13.3,78.4
W,50.0,120,8,0.47,5.5,1.6,79.2,25.0,279,21.4,76.3
W,50.0,120,8,0.41,4.2,1.8,78.6,24.8,271,15.6,66.9
W,50.0,120,16,0.46,5.9,5.5,79.1,23.8,277,15.2,66.5
W,50.0,120,16,0.45,8.5,6.0,79.4,20.8,269,8.7,56.7
W,50.0,120,16,0.47,6.1,4.8,78.6,24.8,265,10.3,66.8
W,50.0,120,16,0.49,7.5,5.1,78.4,20.3,272,13.3,60.2
W,50.0,120,16,0.55,9.0,4.6,79.4,25.0,280,16.0,67.7
W,50.0,120,16,0.46,9.1,4.8,79.1,21.3,269,11.9,67.9
W,50.0,120,24,0.51,13.9,7.7,78.9,25.0,282,12.7,68.3
W,50.0,120,24,0.48,14.2,9.9,78.4,21.0,281,10.4,67.5
W,50.0,120,24,0.44,13.9,7.9,80.0,23.5,279,9.9,59.1
W,50.0,120,24,0.49,11.2,8.0,77.8,23.0,286,10.8,54.5
W,50.0,120,24,0.41,13.6,8.2,79.0,25.3,284,14.4,63.4
W,50.0,120,24,0.47,12.4,9.4,78.8,26.0,275,18.5,72.0
W,100.0,120,0,0.51,3.3,4.9,78.4,25.5,260,8.4,62.5
W,100.0,120,0,0.52,3.5,4.4,78.1,23.0,263,8.5,67.3
W,100.0,120,0,0.53,3.0,6.0,78.5,23.0,257,6.0,64.1
W,100.0,120,0,0.48,3.1,5.8,78.0,24.8,255,6.9,71.8
W,100.0,120,0,0.50,3.2,6.3,78.8,24.0,260,10.2,78.0
W,100.0,120,0,0.58,3.8,3.1,79.1,22.0,262,7.9,60.9
W,100.0,120,8,0.60,3.6,3.0,79.1,23.5,262,13.1,66.5
W,100.0,120,8,0.42,4.7,2.3,78.6,20.0,256,11.0,68.6
W,100.0,120,8,0.56,3.4,3.3,78.7,24.0,255,8.1,63.4
W,100.0,120,8,0.50,4.5,4.8,78.6,20.5,255,10.1,65.9
W,100.0,120,8,0.49,5.2,2.1,79.0,22.8,255,12.5,71.0
W,100.0,120,8,0.48,5.3,3.2,79.0,25.0,262,12.8,67.2
W,100.0,120,16,0.51,7.7,5.3,78.4,21.5,277,10.0,65.3
W,100.0,120,16,0.47,6.4,4.0,78.1,20.5,274,7.9,68.4
W,100.0,120,16,0.45,6.3,5.4,77.2,19.5,269,11.0,60.3
W,100.0,120,16,0.74,6.1,5.7,78.2,20.3,269,10.2,71.9
W,100.0,120,16,0.52,5.5,4.8,78.6,24.5,268,15.2,70.9
W,100.0,120,16,0.52,7.4,4.8,78.9,27.0,269,10.5,61.3
W,100.0,120,24,0.43,12.3,6.7,78.5,22.8,285,13.1,71.2
W,100.0,120,24,0.49,12.3,6.0,78.6,19.0,286,8.6,66.6
W,100.0,120,24,0.51,12.1,7.4,78.6,24.3,286,12.9,51.8
W,100.0,120,24,0.50,10.5,5.2,78.7,22.5,284,12.3,63.5
W,100.0,120,24,0.44,13.6,8.4,79.1,24.5,271,9.6,65.3
W,100.0,120,24,0.50,12.0,8.0,79.2,25.5,280,15.4,69.3
