gTANKID,SPECIES,FR,SGR,FE,CF,HIS,BODYLIPIDS,BODYPROTEIN,BODYMOISTURE,PLASMAGLUCOSE,PLASMATRIGLYC,PLASMAPROTEIN
5_4,G,12.5,-0.4,-186.1,0.32,0.65,1.5,9.6,87.0,68.7,13.3,8.8
5_13,G,12.5,-0.5,-217.8,0.30,0.73,1.5,8.8,87.3,62.5,11.6,8.9
5_15,G,12.5,-0.4,-214.7,0.32,0.73,1.3,10.0,86.2,66.5,9.0,8.8
5_7,G,25.0,0.0,-10.2,0.31,0.73,1.3,10.5,85.9,57.4,17.8,10.0
5_8,G,25.0,0.1,13.5,0.33,0.77,1.3,11.0,85.0,57.1,34.7,10.7
5_9,G,25.0,0.0,10.2,0.32,0.85,1.5,11.2,85.1,56.6,22.6,10.0
5_5,G,50.0,0.8,91.5,0.35,1.12,1.3,11.2,84.3,100.5,205.9,12.3
5_12,G,50.0,0.8,100.7,0.40,2.14,2.0,11.4,84.0,95.6,175.6,12.5
5_14,G,50.0,0.8,98.6,0.37,1.36,1.6,11.0,84.8,64.3,131.6,11.9
5_10,G,100.0,1.9,120.2,0.35,0.93,2.9,11.4,82.9,140.7,273.6,14.0
5_6,G,100.0,1.8,112.4,0.40,1.81,3.7,12.6,81.0,167.2,177.2,16.1
5_11,G,100.0,1.9,116.7,0.40,1.99,4.2,12.2,81.8,102.7,248.0,18.1
5_4,W,12.5,-0.1,-30.2,0.47,1.59,9.6,13.0,73.9,80.0,515.2,17.8
5_10,W,12.5,-0.2,-74.0,0.42,1.69,8.9,12.5,75.0,90.4,794.5,18.2
5_15,W,12.5,0.0,0.0,0.46,1.53,8.6,13.4,75.4,85.8,620.9,16.7
5_6,W,25.0,0.3,78.6,0.46,2.13,10.0,12.7,74.0,93.9,1012.2,23.8
5_8,W,25.0,0.3,86.2,0.47,2.10,10.1,12.1,73.5,97.7,811.2,20.2
5_13,W,25.0,0.2,47.8,0.45,2.05,10.8,13.3,73.2,92.8,1079.5,21.6
5_5,W,50.0,1.0,133.2,0.52,1.95,11.1,12.8,72.7,86.1,928.0,21.8
5_7,W,50.0,1.0,130.8,0.49,1.88,10.8,13.4,73.1,87.2,884.8,23.5
5_12,W,50.0,1.0,132.4,0.49,1.93,10.6,13.1,73.0,91.6,1154.6,22.6
5_9,W,100.0,1.6,112.7,0.60,2.20,11.6,13.6,72.7,120.3,2083.4,25.7
5_11,W,100.0,1.6,109.8,0.56,2.14,11.7,13.9,72.4,99.0,1796.1,25.5
5_14,W,100.0,1.5,104.7,0.54,2.43,12.1,13.4,71.5,90.1,1064.6,20.9
